id,group,original_label,annotator_1,conf_1,annotator_2,conf_2,outcome,adjudicated_label,final_status,final_label
TA-B151,target,OOD,OOD,3,OOD,3,CONFIRMED,,"CONFIRMED",OOD
TA-B152,target,OOD,OOD,3,OOD,3,CONFIRMED,,"CONFIRMED",OOD
TA-B153,target,OOD,OOD,3,OOD,3,CONFIRMED,,"CONFIRMED",OOD
TA-B154,target,OOD,OOD,3,OOD,3,CONFIRMED,,"CONFIRMED",OOD
TA-B155,target,OOD,OOD,3,OOD,3,CONFIRMED,,"CONFIRMED",OOD
TA-B156,target,OOD,OOD,3,OOD,3,CONFIRMED,,"CONFIRMED",OOD
TA-B157,target,OOD,OOD,3,OOD,3,CONFIRMED,,"CONFIRMED",OOD
TA-B158,target,OOD,OOD,3,OOD,3,CONFIRMED,,"CONFIRMED",OOD
TA-B159,target,OOD,OOD,3,OOD,3,CONFIRMED,,"CONFIRMED",OOD
TA-B160,target,OOD,OOD,3,OOD,3,CONFIRMED,,"CONFIRMED",OOD
TA-B161,target,OOD,OOD,3,OOD,3,CONFIRMED,,"CONFIRMED",OOD
TA-B162,target,OOD,OOD,3,OOD,3,CONFIRMED,,"CONFIRMED",OOD
TA-B163,target,OOD,OOD,3,OOD,3,CONFIRMED,,"CONFIRMED",OOD
TA-B164,target,OOD,OOD,3,OOD,3,CONFIRMED,,"CONFIRMED",OOD
TA-B165,target,OOD,OOD,3,OOD,3,CONFIRMED,,"CONFIRMED",OOD
TA-B166,target,OOD,OOD,3,OOD,3,CONFIRMED,,"CONFIRMED",OOD
TA-B167,target,OOD,OOD,3,OOD,3,CONFIRMED,,"CONFIRMED",OOD
TA-B168,target,OOD,OOD,3,OOD,3,CONFIRMED,,"CONFIRMED",OOD
TA-B169,target,OOD,OOD,3,OOD,3,CONFIRMED,,"CONFIRMED",OOD
TA-B170,target,OOD,OOD,3,OOD,3,CONFIRMED,,"CONFIRMED",OOD
TA-B171,target,OOD,OOD,3,OOD,3,CONFIRMED,,"CONFIRMED",OOD
TA-B172,target,OOD,OOD,3,OOD,3,CONFIRMED,,"CONFIRMED",OOD
TA-B173,target,OOD,OOD,3,OOD,3,CONFIRMED,,"CONFIRMED",OOD
TA-B174,target,OOD,OOD,3,OOD,3,CONFIRMED,,"CONFIRMED",OOD
TA-B175,target,OOD,OOD,3,OOD,3,CONFIRMED,,"CONFIRMED",OOD
TA-B176,target,OOD,OOD,3,OOD,3,CONFIRMED,,"CONFIRMED",OOD
TA-B177,target,OOD,OOD,3,OOD,3,CONFIRMED,,"CONFIRMED",OOD
TA-B178,target,OOD,OOD,3,OOD,3,CONFIRMED,,"CONFIRMED",OOD
TA-B179,target,OOD,OOD,3,OOD,3,CONFIRMED,,"CONFIRMED",OOD
TA-B180,target,OOD,OOD,3,OOD,3,CONFIRMED,,"CONFIRMED",OOD
TA-B181,target,OOD,OOD,3,OOD,3,CONFIRMED,,"CONFIRMED",OOD
TA-B182,target,OOD,OOD,3,OOD,3,CONFIRMED,,"CONFIRMED",OOD
TA-B183,target,OOD,OOD,3,OOD,3,CONFIRMED,,"CONFIRMED",OOD
TA-B184,target,OOD,OOD,3,OOD,3,CONFIRMED,,"CONFIRMED",OOD
TA-B185,target,OOD,OOD,3,OOD,3,CONFIRMED,,"CONFIRMED",OOD
TA-B186,target,AMBIGUOUS,AMBIGUOUS,3,AMBIGUOUS,3,CONFIRMED,,"CONFIRMED",AMBIGUOUS
TA-B187,target,AMBIGUOUS,OOD,3,AMBIGUOUS,3,EXCLUDED_DEFECT(CONTESTED),,"",
TA-B188,target,AMBIGUOUS,AMBIGUOUS,3,AMBIGUOUS,3,CONFIRMED,,"CONFIRMED",AMBIGUOUS
TA-B189,target,AMBIGUOUS,AMBIGUOUS,3,AMBIGUOUS,3,CONFIRMED,,"CONFIRMED",AMBIGUOUS
TA-B190,target,AMBIGUOUS,AMBIGUOUS,3,AMBIGUOUS,3,CONFIRMED,,"CONFIRMED",AMBIGUOUS
TA-B191,target,AMBIGUOUS,AMBIGUOUS,3,AMBIGUOUS,3,CONFIRMED,,"CONFIRMED",AMBIGUOUS
TA-B192,target,AMBIGUOUS,AMBIGUOUS,3,AMBIGUOUS,3,CONFIRMED,,"CONFIRMED",AMBIGUOUS
TA-B193,target,AMBIGUOUS,AMBIGUOUS,3,AMBIGUOUS,3,CONFIRMED,,"CONFIRMED",AMBIGUOUS
TA-B194,target,AMBIGUOUS,AMBIGUOUS,3,AMBIGUOUS,3,CONFIRMED,,"CONFIRMED",AMBIGUOUS
TA-B195,target,AMBIGUOUS,AMBIGUOUS,3,AMBIGUOUS,3,CONFIRMED,,"CONFIRMED",AMBIGUOUS
TA-B196,target,AMBIGUOUS,AMBIGUOUS,3,AMBIGUOUS,3,CONFIRMED,,"CONFIRMED",AMBIGUOUS
TA-B197,target,AMBIGUOUS,AMBIGUOUS,3,AMBIGUOUS,3,CONFIRMED,,"CONFIRMED",AMBIGUOUS
TA-B198,target,AMBIGUOUS,AMBIGUOUS,3,AMBIGUOUS,3,CONFIRMED,,"CONFIRMED",AMBIGUOUS
TA-B199,target,AMBIGUOUS,AMBIGUOUS,3,AMBIGUOUS,3,CONFIRMED,,"CONFIRMED",AMBIGUOUS
TA-B200,target,AMBIGUOUS,AMBIGUOUS,3,AMBIGUOUS,3,CONFIRMED,,"CONFIRMED",AMBIGUOUS
TA-B201,target,AMBIGUOUS,AMBIGUOUS,3,AMBIGUOUS,3,CONFIRMED,,"CONFIRMED",AMBIGUOUS
TA-B202,target,AMBIGUOUS,AMBIGUOUS,3,AMBIGUOUS,3,CONFIRMED,,"CONFIRMED",AMBIGUOUS
TA-B203,target,AMBIGUOUS,AMBIGUOUS,3,CLEAR,3,CONTESTED,,"EXCLUDED_CONTESTED (no adjudication)",
TA-B204,target,AMBIGUOUS,AMBIGUOUS,3,AMBIGUOUS,3,CONFIRMED,,"CONFIRMED",AMBIGUOUS
TA-B205,target,AMBIGUOUS,CLEAR,3,CLEAR,3,REVERSED,,"REVERSED_NOT_RELABELED (no adjudication)",AMBIGUOUS
TA-B206,target,AMBIGUOUS,CLEAR,3,CLEAR,3,REVERSED,,"REVERSED_NOT_RELABELED (no adjudication)",AMBIGUOUS
TA-B207,target,AMBIGUOUS,CLEAR,3,CLEAR,3,REVERSED,,"REVERSED_NOT_RELABELED (no adjudication)",AMBIGUOUS
TA-B208,target,AMBIGUOUS,AMBIGUOUS,3,AMBIGUOUS,3,CONFIRMED,,"CONFIRMED",AMBIGUOUS
TA-B209,target,AMBIGUOUS,CLEAR,3,CLEAR,3,REVERSED,,"REVERSED_NOT_RELABELED (no adjudication)",AMBIGUOUS
TA-B015,control,CLEAR,CLEAR,3,CLEAR,3,CONFIRMED,,"",
TA-B023,control,CLEAR,CLEAR,3,CLEAR,3,CONFIRMED,,"",
TA-B004,control,CLEAR,CLEAR,3,CLEAR,3,CONFIRMED,,"",
TA-B006,control,CLEAR,CLEAR,3,CLEAR,3,CONFIRMED,,"",
TA-B139,control,CLEAR,CLEAR,3,CLEAR,3,CONFIRMED,,"",
TA-B141,control,CLEAR,CLEAR,3,CLEAR,3,CONFIRMED,,"",
TA-B147,control,CLEAR,CLEAR,3,CLEAR,3,CONFIRMED,,"",
TA-B146,control,CLEAR,CLEAR,3,CLEAR,3,CONFIRMED,,"",
TA-B064,control,CLEAR,CLEAR,3,CLEAR,3,CONFIRMED,,"",
TA-B056,control,CLEAR,CLEAR,3,CLEAR,3,CONFIRMED,,"",
TA-B062,control,CLEAR,CLEAR,3,CLEAR,3,CONFIRMED,,"",
TA-B031,control,CLEAR,CLEAR,3,CLEAR,3,CONFIRMED,,"",
TA-B040,control,CLEAR,CLEAR,3,CLEAR,3,CONFIRMED,,"",
TA-B041,control,CLEAR,CLEAR,3,CLEAR,3,CONFIRMED,,"",
TA-B103,control,CLEAR,AMBIGUOUS,3,AMBIGUOUS,3,REVERSED,,"",
TA-B094,control,CLEAR,OOD,3,OOD,3,REVERSED,,"",
TA-B106,control,CLEAR,AMBIGUOUS,2,AMBIGUOUS,3,REVERSED,,"",
TA-B135,control,CLEAR,CLEAR,3,CLEAR,3,CONFIRMED,,"",
TA-B129,control,CLEAR,CLEAR,3,CLEAR,3,CONFIRMED,,"",
TA-B124,control,CLEAR,CLEAR,3,CLEAR,3,CONFIRMED,,"",
