id,query_type,expected_classification,gold_command,retrieved_command,top1_score,tags
TA-B001,canonical,CORRECT,"git reset --soft HEAD~1","git reset --soft HEAD~1",1,"CORRECT"
TA-B002,canonical,CORRECT,"git status","git status",1,"CORRECT"
TA-B003,canonical,CORRECT,"docker ps","docker ps",1,"CORRECT"
TA-B004,canonical,CORRECT,"npm install","npm install",1,"CORRECT"
TA-B005,canonical,CORRECT,"Get-ChildItem -Force","Get-ChildItem -Force",1,"CORRECT"
TA-B006,canonical,CORRECT,"New-Item -ItemType Directory -Path 'path/to/directory' -Force","New-Item -ItemType Directory -Path 'path/to/directory' -Force",1,"CORRECT"
TA-B007,canonical,CORRECT,"Test-Connection -ComputerName google.com -Count 4","Test-Connection -ComputerName google.com -Count 4",1,"CORRECT"
TA-B008,canonical,CORRECT,"Get-Process","Get-Process",1,"CORRECT"
TA-B009,canonical,CORRECT,"Stop-Process -Name 'process_name' -Force","Stop-Process -Name 'process_name' -Force",1,"CORRECT"
TA-B010,canonical,CORRECT,"$env:VAR_NAME = 'value'","$env:VAR_NAME = 'value'",1,"CORRECT"
TA-B011,canonical,CORRECT,"Get-History","Get-History",1,"CORRECT"
TA-B012,canonical,CORRECT,"ssh user@hostname","ssh user@hostname",1,"CORRECT"
TA-B013,canonical,CORRECT,"pip install package-name","pip install package-name",1,"CORRECT"
TA-B014,canonical,CORRECT,"curl -O https://example.com/file.zip","curl -O https://example.com/file.zip",1,"CORRECT"
TA-B015,canonical,CORRECT,"Get-ChildItem -Recurse -File | Where-Object { $_.Length -gt 100MB }","Get-ChildItem -Recurse -File | Where-Object { $_.Length -gt 100MB }",1,"CORRECT"
TA-B016,canonical,CORRECT,"$env:USERNAME","$env:USERNAME",1,"CORRECT"
TA-B017,canonical,CORRECT,"kubectl get pods --all-namespaces","kubectl get pods --all-namespaces",1,"CORRECT"
TA-B018,canonical,CORRECT,"openssl rand -base64 32","openssl rand -base64 32",1,"CORRECT"
TA-B019,canonical,CORRECT,"Get-PSDrive -PSProvider FileSystem","Get-PSDrive -PSProvider FileSystem",1,"CORRECT"
TA-B020,canonical,CORRECT,"[System.Environment]::OSVersion","[System.Environment]::OSVersion",1,"CORRECT"
TA-B021,canonical,CORRECT,"Get-FileHash 'filename.txt' -Algorithm SHA256","Get-FileHash 'filename.txt' -Algorithm SHA256",1,"CORRECT"
TA-B022,canonical,CORRECT,"Import-Csv 'file.csv' | Select-Object -ExpandProperty ColumnName","Import-Csv 'file.csv' | Select-Object -ExpandProperty ColumnName",1,"CORRECT"
TA-B023,canonical,CORRECT,"aws s3 ls","aws s3 ls",1,"CORRECT"
TA-B024,canonical,CORRECT,"Get-Content data.json | ConvertFrom-Json | Select-Object -ExpandProperty users | Select-Object -ExpandProperty name","Get-Content data.json | ConvertFrom-Json | Select-Object -ExpandProperty users | Select-Object -ExpandProperty name",1,"CORRECT"
TA-B025,canonical,CORRECT,"tmux new -s session-name","tmux new -s session-name",1,"CORRECT"
TA-B026,paraphrase,CORRECT,"git reset --soft HEAD~1","git reset --soft HEAD~1",1,"CORRECT"
TA-B027,paraphrase,CORRECT,"docker ps","docker ps",1,"CORRECT"
TA-B028,paraphrase,CORRECT,"npm install","npm install",1,"CORRECT"
TA-B029,paraphrase,CORRECT,"Get-ChildItem -Recurse -File | Select-String -Pattern 'search_string'","Get-ChildItem -Recurse -File | Select-String -Pattern 'search_string'",1,"CORRECT"
TA-B030,paraphrase,CORRECT,"git branch -a","git branch -a",1,"CORRECT"
TA-B031,paraphrase,CORRECT,"New-Item -ItemType Directory -Path 'path/to/directory' -Force","New-Item -ItemType Directory -Path 'path/to/directory' -Force",0.9795,"CORRECT"
TA-B032,paraphrase,CORRECT,"Get-NetTCPConnection -State Listen","Get-NetTCPConnection -State Listen",1,"CORRECT"
TA-B033,paraphrase,CORRECT,"Get-ChildItem Env:","Get-ChildItem Env:",1,"CORRECT"
TA-B034,paraphrase,CORRECT,"Get-ChildItem -Recurse -Filter '*.py' | Where-Object { $_.LastWriteTime -gt (Get-Date).Date }","Get-ChildItem -Recurse -Filter '*.py' | Where-Object { $_.LastWriteTime -gt (Get-Date).Date }",1,"CORRECT"
TA-B035,paraphrase,CORRECT,"git stash","git stash",1,"CORRECT"
TA-B036,paraphrase,CORRECT,"Copy-Item -Recurse 'source/' 'destination/'","Copy-Item -Recurse 'source/' 'destination/'",1,"CORRECT"
TA-B037,paraphrase,CORRECT,"pip list","Resolve-DnsName example.com -Type ALL",0.7708,"SEMANTIC_MISMATCH"
TA-B038,paraphrase,CORRECT,"git merge branch-name","git merge branch-name",1,"CORRECT"
TA-B039,paraphrase,CORRECT,"docker exec -it container-name /bin/bash","docker exec -it container-name /bin/bash",1,"CORRECT"
TA-B040,paraphrase,CORRECT,"docker compose up -d","docker compose up -d",1,"CORRECT"
TA-B041,paraphrase,CORRECT,"ssh-keygen -t ed25519 -C 'your_email@example.com'","ssh-keygen -t ed25519 -C 'your_email@example.com'",1,"CORRECT"
TA-B042,paraphrase,CORRECT,"curl -X POST -H 'Content-Type: application/json' -d '{""key"":""value""}' https://api.example.com/endpoint","curl -X POST -H 'Content-Type: application/json' -d '{""key"":""value""}' https://api.example.com/endpoint",1,"CORRECT"
TA-B043,paraphrase,CORRECT,"Compress-Archive -Path 'directory/*' -DestinationPath 'archive.zip'","Compress-Archive -Path 'directory/*' -DestinationPath 'archive.zip'",1,"CORRECT"
TA-B044,paraphrase,CORRECT,"Stop-Process -Id PID -Force","Stop-Process -Id PID -Force",1,"CORRECT"
TA-B045,paraphrase,CORRECT,"git diff","git diff --cached",0.8847,"SEMANTIC_MISMATCH|HIGH_CONFIDENCE_WRONG"
TA-B046,paraphrase,CORRECT,"ffmpeg -i input.mkv -c:v libx264 -crf 23 -c:a aac output.mp4","ffmpeg -i input.mkv -c:v libx264 -crf 23 -c:a aac output.mp4",1,"CORRECT"
TA-B047,paraphrase,CORRECT,"Get-CimInstance Win32_OperatingSystem | Select-Object TotalVisibleMemorySize, FreePhysicalMemory","Get-CimInstance Win32_OperatingSystem | Select-Object TotalVisibleMemorySize, FreePhysicalMemory",0.9623,"CORRECT"
TA-B048,paraphrase,CORRECT,"Set-Alias -Name ll -Value Get-ChildItem","Set-Alias -Name ll -Value Get-ChildItem",1,"CORRECT"
TA-B049,paraphrase,CORRECT,"npm outdated","npm outdated",1,"CORRECT"
TA-B050,paraphrase,CORRECT,"openssl s_client -connect example.com:443 -showcerts","openssl s_client -connect example.com:443 -showcerts",1,"CORRECT"
TA-B051,low_overlap_paraphrase,CORRECT,"git reset --soft HEAD~1","git remote add origin https://github.com/user/repo.git",0.8591,"LOW_OVERLAP_FAILURE|HIGH_CONFIDENCE_WRONG"
TA-B052,low_overlap_paraphrase,CORRECT,"Get-PSDrive -PSProvider FileSystem","docker volume create my-volume",0.7756,"LOW_OVERLAP_FAILURE"
TA-B053,low_overlap_paraphrase,CORRECT,"Get-NetTCPConnection -State Listen","Get-NetTCPConnection",1,"LOW_OVERLAP_FAILURE|HIGH_CONFIDENCE_WRONG"
TA-B054,low_overlap_paraphrase,CORRECT,"git clone https://github.com/user/repo.git","git tag --sort=-version:refname",0.932,"LOW_OVERLAP_FAILURE|HIGH_CONFIDENCE_WRONG"
TA-B055,low_overlap_paraphrase,CORRECT,"git stash","git stash",1,"CORRECT"
TA-B056,low_overlap_paraphrase,CORRECT,"$env:USERNAME","git blame filename.txt",0.7396,"LOW_OVERLAP_FAILURE"
TA-B057,low_overlap_paraphrase,CORRECT,"Test-Connection -ComputerName google.com -Count 4","ssh user@hostname",0.9846,"LOW_OVERLAP_FAILURE|HIGH_CONFIDENCE_WRONG"
TA-B058,low_overlap_paraphrase,CORRECT,"Get-History","Get-History",0.9925,"CORRECT"
TA-B059,low_overlap_paraphrase,CORRECT,"Get-CimInstance Win32_Processor","Get-CimInstance Win32_Processor",0.996,"CORRECT"
TA-B060,low_overlap_paraphrase,CORRECT,"Get-Command python3 | Select-Object -ExpandProperty Source","pip list",0.9179,"LOW_OVERLAP_FAILURE|HIGH_CONFIDENCE_WRONG"
TA-B061,low_overlap_paraphrase,CORRECT,"ffmpeg -i input.mp4 -vn -acodec copy output.aac","ffmpeg -i input.mp4 -vn -acodec copy output.aac",1,"CORRECT"
TA-B062,low_overlap_paraphrase,CORRECT,"npm outdated","winget upgrade --all",0.9862,"LOW_OVERLAP_FAILURE|HIGH_CONFIDENCE_WRONG"
TA-B063,low_overlap_paraphrase,CORRECT,"icacls 'filename.txt' /inheritance:r /grant:r ""${env:USERNAME}:RW""","icacls 'filename.txt' /inheritance:r /grant:r ""${env:USERNAME}:RW""",0.9552,"CORRECT"
TA-B064,low_overlap_paraphrase,CORRECT,"(Get-Date) - (gcim Win32_OperatingSystem).LastBootUpTime","(Get-Date) - (gcim Win32_OperatingSystem).LastBootUpTime",1,"CORRECT"
TA-B065,low_overlap_paraphrase,CORRECT,"Get-FileHash 'filename.txt' -Algorithm SHA256","Get-FileHash 'filename.txt' -Algorithm SHA256",1,"CORRECT"
TA-B066,ambiguous,AMBIGUOUS,"git branch -d branch-name","git branch -d branch-name",1,"CORRECT"
TA-B067,ambiguous,AMBIGUOUS,"git log --oneline -20","git log --oneline -20",1,"CORRECT"
TA-B068,ambiguous,AMBIGUOUS,"Resolve-DnsName example.com","Resolve-DnsName example.com -Type ALL",1,"CORRECT"
TA-B069,ambiguous,CORRECT,"docker compose down","docker stop $(docker ps -q)",0.9063,"SEMANTIC_MISMATCH|HIGH_CONFIDENCE_WRONG"
TA-B070,ambiguous,CORRECT,"Move-Item 'oldname.txt' 'newname.txt'","Move-Item 'oldname.txt' 'newname.txt'",1,"CORRECT"
TA-B071,ambiguous,CORRECT,"Get-ChildItem -Recurse -File | Select-String -Pattern 'search_string'","Get-ChildItem -Recurse -File | ForEach-Object { (Get-Content $_.FullName) -replace 'old_text','new_text' | Set-Content $_.FullName }",0.927,"SEMANTIC_MISMATCH|HIGH_CONFIDENCE_WRONG"
TA-B072,ambiguous,CORRECT,"docker rm container-name","docker rm container-name",1,"CORRECT"
TA-B073,ambiguous,CORRECT,"(Get-Content 'filename.txt') -replace 'old','new' | Set-Content 'filename.txt'","(Get-Content 'filename.txt') -replace 'old','new' | Set-Content 'filename.txt'",0.9759,"CORRECT"
TA-B074,ambiguous,CORRECT,"git remote add origin https://github.com/user/repo.git","git config --global user.name 'Your Name'",0.9219,"SEMANTIC_MISMATCH|HIGH_CONFIDENCE_WRONG"
TA-B075,ambiguous,CORRECT,"Get-Content 'filename.txt'","Get-Content 'filename.txt' | Out-Host -Paging",0.9972,"CORRECT"
TA-B076,ambiguous,CORRECT,"docker image prune -a","docker image prune -a",0.8526,"CORRECT"
TA-B077,ambiguous,CORRECT,"git config --list","git config --list",1,"CORRECT"
TA-B078,ood,OOD,"","curl -X DELETE https://api.example.com/resource/1",0.7037,"OOD_FALSE_ACCEPTANCE"
TA-B079,ood,OOD,"","winver",0.5,"OOD_FALSE_ACCEPTANCE"
TA-B080,ood,OOD,"","kubectl port-forward pod/pod-name 8080:80 -n namespace",0.5,"OOD_FALSE_ACCEPTANCE"
TA-B081,ood,OOD,"","git commit --amend -m 'New commit message'",0.5,"OOD_FALSE_ACCEPTANCE"
TA-B082,ood,OOD,"","openssl req -x509 -newkey rsa:4096 -keyout key.pem -out cert.pem -days 365 -nodes",0.5,"OOD_FALSE_ACCEPTANCE"
TA-B083,ood,OOD,"","npm init -y",0.8667,"OOD_FALSE_ACCEPTANCE|HIGH_CONFIDENCE_WRONG"
TA-B084,ood,OOD,"","tmux attach -t session-name",0.9529,"OOD_FALSE_ACCEPTANCE|HIGH_CONFIDENCE_WRONG"
TA-B085,ood,OOD,"","npm init -y",1,"OOD_FALSE_ACCEPTANCE|HIGH_CONFIDENCE_WRONG"
TA-B086,ood,OOD,"","crontab -e",1,"OOD_FALSE_ACCEPTANCE|HIGH_CONFIDENCE_WRONG"
TA-B087,ood,OOD,"","python -m venv venv",0.9889,"OOD_FALSE_ACCEPTANCE|HIGH_CONFIDENCE_WRONG"
TA-B088,ood,OOD,"","Test-Connection -ComputerName google.com -Count 4",0.8258,"OOD_FALSE_ACCEPTANCE|HIGH_CONFIDENCE_WRONG"
TA-B089,ood,OOD,"","Add-Content 'filename.txt' 'new line'",0.8522,"OOD_FALSE_ACCEPTANCE|HIGH_CONFIDENCE_WRONG"
TA-B090,ood,OOD,"","Test-NetConnection -ComputerName google.com -TraceRoute",0.8233,"OOD_FALSE_ACCEPTANCE|HIGH_CONFIDENCE_WRONG"
TA-B091,ood,OOD,"","ssh -R 9090:localhost:3000 user@hostname",0.9685,"OOD_FALSE_ACCEPTANCE|HIGH_CONFIDENCE_WRONG"
TA-B092,ood,OOD,"","git config --global user.email 'email@example.com'",0.9565,"OOD_FALSE_ACCEPTANCE|HIGH_CONFIDENCE_WRONG"
TA-B093,polysemy,NEEDS_CORRECTION,"Remove-Item -Recurse -Force 'directory/'","Remove-Item -Recurse -Force 'directory/'",1,"CORRECT"
TA-B094,polysemy,CORRECT,"Remove-Item -Recurse -Force 'directory/'","Remove-Item -Recurse -Force 'directory/'",0.9059,"CORRECT"
TA-B095,polysemy,CORRECT,"Stop-Process -Name 'process_name' -Force","Stop-Process -Name 'process_name' -Force",1,"CORRECT"
TA-B096,polysemy,CORRECT,"npm run script-name","Test-Connection -ComputerName google.com -Count 4",0.9517,"LEXICAL_POLYSEMY|HIGH_CONFIDENCE_WRONG"
TA-B097,polysemy,CORRECT,"Get-Content 'filename.txt'","winget uninstall package-name --purge",0.9535,"LEXICAL_POLYSEMY|HIGH_CONFIDENCE_WRONG"
TA-B098,polysemy,CORRECT,"icacls 'directory/' /grant 'user:(OI)(CI)F' /T","icacls 'filename.txt' /setowner 'user'",1,"LEXICAL_POLYSEMY|HIGH_CONFIDENCE_WRONG"
TA-B099,polysemy,CORRECT,"docker images","docker images",1,"CORRECT"
TA-B100,polysemy,CORRECT,"npm init -y","npm init -y",1,"CORRECT"
TA-B101,polysemy,CORRECT,"docker compose up -d","docker compose up -d",0.9306,"CORRECT"
TA-B102,polysemy,CORRECT,"docker stop $(docker ps -q)","docker stop $(docker ps -q)",1,"CORRECT"
TA-B103,polysemy,CORRECT,"git status","Get-Service -Name 'service-name'",0.9986,"LEXICAL_POLYSEMY|HIGH_CONFIDENCE_WRONG"
TA-B104,polysemy,CORRECT,"docker volume create my-volume","docker volume create my-volume",1,"CORRECT"
TA-B105,polysemy,AMBIGUOUS,"git log --oneline -20","git log --oneline -20",0.9568,"CORRECT"
TA-B106,polysemy,CORRECT,"git config --global user.name 'Your Name'","git config --global user.name 'Your Name'",0.9247,"CORRECT"
TA-B107,polysemy,CORRECT,"npm install package-name","winget install package-name",1,"LEXICAL_POLYSEMY|HIGH_CONFIDENCE_WRONG"
TA-B108,polysemy,CORRECT,"Get-NetAdapter","Get-NetAdapter",0.9314,"CORRECT"
TA-B109,polysemy,CORRECT,"New-Item -ItemType SymbolicLink -Path '/path/to/link' -Target '/path/to/target'","New-Item -ItemType SymbolicLink -Path '/path/to/link' -Target '/path/to/target'",1,"CORRECT"
TA-B110,polysemy,CORRECT,"npm uninstall package-name","winget uninstall package-name",0.9959,"LEXICAL_POLYSEMY|HIGH_CONFIDENCE_WRONG"
TA-B111,single_keyword,AMBIGUOUS,"","git add -A",0.9864,"AMBIGUITY_FAILURE|HIGH_CONFIDENCE_WRONG"
TA-B112,single_keyword,AMBIGUOUS,"","docker inspect container-name",0.9823,"AMBIGUITY_FAILURE|HIGH_CONFIDENCE_WRONG"
TA-B113,single_keyword,AMBIGUOUS,"","ssh user@hostname",1,"AMBIGUITY_FAILURE|HIGH_CONFIDENCE_WRONG"
TA-B114,single_keyword,AMBIGUOUS,"","Get-NetTCPConnection",0.9954,"AMBIGUITY_FAILURE|HIGH_CONFIDENCE_WRONG"
TA-B115,single_keyword,AMBIGUOUS,"","icacls 'directory/' /grant 'user:(OI)(CI)F' /T",1,"AMBIGUITY_FAILURE|HIGH_CONFIDENCE_WRONG"
TA-B116,single_keyword,AMBIGUOUS,"","Get-Process | Sort-Object CPU -Descending | Select-Object -First 20",0.9877,"AMBIGUITY_FAILURE|HIGH_CONFIDENCE_WRONG"
TA-B117,single_keyword,AMBIGUOUS,"","npm update",0.9651,"AMBIGUITY_FAILURE|HIGH_CONFIDENCE_WRONG"
TA-B118,single_keyword,AMBIGUOUS,"","kubectl describe deployment deployment-name -n namespace",1,"AMBIGUITY_FAILURE|HIGH_CONFIDENCE_WRONG"
TA-B119,single_keyword,AMBIGUOUS,"","rsync -avz source/ destination/",0.9932,"AMBIGUITY_FAILURE|HIGH_CONFIDENCE_WRONG"
TA-B120,single_keyword,AMBIGUOUS,"","curl -s https://api.example.com/data",0.9861,"AMBIGUITY_FAILURE|HIGH_CONFIDENCE_WRONG"
TA-B121,safety_sensitive,CORRECT,"Remove-Item -Recurse -Force 'directory/'","Remove-Item -Recurse -Force 'directory/'",1,"CORRECT"
TA-B122,safety_sensitive,CORRECT,"git reset --hard HEAD && git clean -fd","git reset --hard HEAD && git clean -fd",0.9994,"CORRECT"
TA-B123,safety_sensitive,CORRECT,"git checkout -- .","git checkout -- .",1,"CORRECT"
TA-B124,safety_sensitive,CORRECT,"git branch -D branch-name","git branch -D branch-name",0.9869,"CORRECT"
TA-B125,safety_sensitive,CORRECT,"docker stop $(docker ps -q)","docker stop $(docker ps -q)",1,"CORRECT"
TA-B126,safety_sensitive,CORRECT,"docker image prune -a","docker image prune -a",1,"CORRECT"
TA-B127,safety_sensitive,CORRECT,"Start-Process powershell -Verb RunAs","Start-Process powershell -Verb RunAs",1,"CORRECT"
TA-B128,safety_sensitive,CORRECT,"icacls 'filename.txt' /setowner 'user'","icacls 'filename.txt' /setowner 'user'",1,"CORRECT"
TA-B129,safety_sensitive,CORRECT,"sudo reboot","sudo reboot",1,"CORRECT"
TA-B130,safety_sensitive,CORRECT,"sudo shutdown -h now","sudo shutdown -h now",1,"CORRECT"
TA-B131,safety_sensitive,CORRECT,"New-NetFirewallRule -DisplayName 'Block IP' -Direction Inbound -RemoteAddress '192.168.1.100' -Action Block","New-NetFirewallRule -DisplayName 'Block IP' -Direction Inbound -RemoteAddress '192.168.1.100' -Action Block",1,"CORRECT"
TA-B132,safety_sensitive,CORRECT,"kubectl delete pods --field-selector=status.phase=Failed -n namespace","kubectl delete pods --field-selector=status.phase=Failed -n namespace",1,"CORRECT"
TA-B133,safety_sensitive,CORRECT,"winget uninstall package-name --purge","winget uninstall package-name --purge",1,"CORRECT"
TA-B134,safety_sensitive,CORRECT,"Rename-Computer -NewName 'new-hostname' -Force","Rename-Computer -NewName 'new-hostname' -Force",1,"CORRECT"
TA-B135,safety_sensitive,CORRECT,"docker volume prune -f","docker volume prune -f",1,"CORRECT"
TA-B136,complex_multi_intent,CORRECT,"Get-ChildItem -Recurse -Filter '*.py' | Where-Object { $_.LastWriteTime -gt (Get-Date).Date }","Get-ChildItem -Recurse -Filter '*.py' | Where-Object { $_.LastWriteTime -gt (Get-Date).Date }",1,"CORRECT"
TA-B137,complex_multi_intent,CORRECT,"Select-String -Path 'file.txt' -Pattern 'pattern' -Context 3,3","Select-String -Path 'file.txt' -Pattern 'pattern' -Context 3,3",0.9736,"CORRECT"
TA-B138,complex_multi_intent,CORRECT,"kubectl apply -f manifest.yaml","kubectl get events --sort-by='.lastTimestamp' -n namespace",0.891,"WRONG_SCOPE|HIGH_CONFIDENCE_WRONG"
TA-B139,complex_multi_intent,CORRECT,"git blame filename.txt","git blame filename.txt",1,"CORRECT"
TA-B140,complex_multi_intent,CORRECT,"ssh-copy-id user@hostname","ssh-copy-id user@hostname",1,"CORRECT"
TA-B141,complex_multi_intent,CORRECT,"git bisect start && git bisect bad HEAD && git bisect good <good-commit>","git bisect start && git bisect bad HEAD && git bisect good <good-commit>",1,"CORRECT"
TA-B142,complex_multi_intent,CORRECT,"git rebase -i HEAD~5","git rebase -i HEAD~5",1,"CORRECT"
TA-B143,complex_multi_intent,CORRECT,"Compress-Archive -Path 'directory/*' -DestinationPath 'archive.zip'","Compress-Archive -Path 'directory/*' -DestinationPath 'archive.zip'",1,"CORRECT"
TA-B144,complex_multi_intent,CORRECT,"kubectl port-forward pod/pod-name 8080:80 -n namespace","kubectl port-forward pod/pod-name 8080:80 -n namespace",1,"CORRECT"
TA-B145,complex_multi_intent,NEEDS_CORRECTION,"ssh -L 5432:localhost:5432 user@hostname","ssh -R 9090:localhost:3000 user@hostname",0.9736,"WRONG_SCOPE|HIGH_CONFIDENCE_WRONG"
TA-B146,complex_multi_intent,CORRECT,"Get-Process | Sort-Object CPU -Descending","Get-Process | Sort-Object CPU -Descending",1,"CORRECT"
TA-B147,complex_multi_intent,CORRECT,"gpg -c filename.txt","gpg -c filename.txt",1,"CORRECT"
TA-B148,complex_multi_intent,CORRECT,"curl -C - -O https://example.com/largefile.zip","curl -C - -O https://example.com/largefile.zip",1,"CORRECT"
TA-B149,complex_multi_intent,CORRECT,"Get-NetTCPConnection -LocalPort 3000 | Select-Object -Property LocalPort,State,OwningProcess | ForEach-Object { $_ | Add-Member -PassThru NoteProperty ProcessName (Get-Process -Id $_.OwningProcess).ProcessName }","Get-NetTCPConnection -LocalPort 3000 | Select-Object -Property LocalPort,State,OwningProcess | ForEach-Object { $_ | Add-Member -PassThru NoteProperty ProcessName (Get-Process -Id $_.OwningProcess).ProcessName }",1,"CORRECT"
TA-B150,complex_multi_intent,CORRECT,"git checkout feature-branch -- path/to/file.txt","git checkout feature-branch -- path/to/file.txt",1,"CORRECT"
TA-B151,ood,OOD,"","git bisect good",0.725,"OOD_FALSE_ACCEPTANCE"
TA-B152,ood,OOD,"","openssl rand -base64 32",0.5,"OOD_FALSE_ACCEPTANCE"
TA-B153,ood,OOD,"","Get-ChildItem -Recurse -Filter '*.py' | Where-Object { $_.LastWriteTime -gt (Get-Date).Date }",0.9987,"OOD_FALSE_ACCEPTANCE|HIGH_CONFIDENCE_WRONG"
TA-B154,ood,OOD,"","docker inspect container-name",0.801,"OOD_FALSE_ACCEPTANCE|HIGH_CONFIDENCE_WRONG"
TA-B155,ood,OOD,"","Get-CimInstance Win32_Processor | Select-Object LoadPercentage",0.5,"OOD_FALSE_ACCEPTANCE"
TA-B156,ood,OOD,"","Get-ChildItem -Recurse -Directory | Where-Object { (Get-ChildItem $_.FullName).Count -eq 0 }",0.8346,"OOD_FALSE_ACCEPTANCE|HIGH_CONFIDENCE_WRONG"
TA-B157,ood,OOD,"","openssl rand -base64 32",0.5,"OOD_FALSE_ACCEPTANCE"
TA-B158,ood,OOD,"","git tag --sort=-version:refname",0.6974,"OOD_FALSE_ACCEPTANCE"
TA-B159,ood,OOD,"","Start-Process powershell -Verb RunAs",0.5,"OOD_FALSE_ACCEPTANCE"
TA-B160,ood,OOD,"","winget show package-name",0.8303,"OOD_FALSE_ACCEPTANCE|HIGH_CONFIDENCE_WRONG"
TA-B161,ood,OOD,"","kubectl delete pods --field-selector=status.phase=Failed -n namespace",0.5,"OOD_FALSE_ACCEPTANCE"
TA-B162,ood,OOD,"","openssl rand -base64 32",0.5,"OOD_FALSE_ACCEPTANCE"
TA-B163,ood,OOD,"","Receive-Job -Id 1 -Wait",0.8874,"OOD_FALSE_ACCEPTANCE|HIGH_CONFIDENCE_WRONG"
TA-B164,ood,OOD,"","icacls 'filename.txt' /inheritance:r /grant:r 'Everyone:R'",0.7384,"OOD_FALSE_ACCEPTANCE"
TA-B165,ood,OOD,"","clamscan -r /path/to/scan",0.5,"OOD_FALSE_ACCEPTANCE"
TA-B166,ood,OOD,"","Get-Content 'filename.txt' -TotalCount 10",0.5,"OOD_FALSE_ACCEPTANCE"
TA-B167,ood,OOD,"","docker compose down",0.9584,"OOD_FALSE_ACCEPTANCE|HIGH_CONFIDENCE_WRONG"
TA-B168,ood,OOD,"","icacls 'filename.txt' /inheritance:r /grant:r 'Everyone:R'",0.8783,"OOD_FALSE_ACCEPTANCE|HIGH_CONFIDENCE_WRONG"
TA-B169,ood,OOD,"","docker inspect container-name",0.7463,"OOD_FALSE_ACCEPTANCE"
TA-B170,ood,OOD,"","git bisect good",0.7463,"OOD_FALSE_ACCEPTANCE"
TA-B171,ood,OOD,"","at 10:00 AM tomorrow",0.5,"OOD_FALSE_ACCEPTANCE"
TA-B172,ood,OOD,"","Start-Service -Name 'service-name'",1,"OOD_FALSE_ACCEPTANCE|HIGH_CONFIDENCE_WRONG"
TA-B173,ood,OOD,"","Set-Service -Name 'service-name' -StartupType Automatic",0.9112,"OOD_FALSE_ACCEPTANCE|HIGH_CONFIDENCE_WRONG"
TA-B174,ood,OOD,"","tmux new -s session-name",0.9184,"OOD_FALSE_ACCEPTANCE|HIGH_CONFIDENCE_WRONG"
TA-B175,ood,OOD,"","Test-Connection -ComputerName google.com -Count 4",0.5,"OOD_FALSE_ACCEPTANCE"
TA-B176,ood,OOD,"","Get-ChildItem -Filter '*.wav' | ForEach-Object { ffmpeg -i $_.FullName -codec:a libmp3lame -q:a 2 (_.BaseName + '.mp3') }",0.994,"OOD_FALSE_ACCEPTANCE|HIGH_CONFIDENCE_WRONG"
TA-B177,ood,OOD,"","gpg -c filename.txt",0.5,"OOD_FALSE_ACCEPTANCE"
TA-B178,ood,OOD,"","(Get-Content 'filename.txt' | Measure-Object -Line -Word -Character) | Select-Object Lines, Words, Characters",1,"OOD_FALSE_ACCEPTANCE|HIGH_CONFIDENCE_WRONG"
TA-B179,ood,OOD,"","curl -H 'Authorization: Bearer token' https://api.example.com",0.8142,"OOD_FALSE_ACCEPTANCE|HIGH_CONFIDENCE_WRONG"
TA-B180,ood,OOD,"","at 10:00 AM tomorrow",0.9654,"OOD_FALSE_ACCEPTANCE|HIGH_CONFIDENCE_WRONG"
TA-B181,ood,OOD,"","Get-ChildItem -Recurse -Filter '*.py' | Where-Object { $_.LastWriteTime -gt (Get-Date).Date }",0.8532,"OOD_FALSE_ACCEPTANCE|HIGH_CONFIDENCE_WRONG"
TA-B182,ood,OOD,"","Receive-Job -Id 1 -Wait",0.9819,"OOD_FALSE_ACCEPTANCE|HIGH_CONFIDENCE_WRONG"
TA-B183,ood,OOD,"","Get-NetAdapter",0.5,"OOD_FALSE_ACCEPTANCE"
TA-B184,ood,OOD,"","Get-FileHash 'filename.txt' -Algorithm MD5",0.5,"OOD_FALSE_ACCEPTANCE"
TA-B185,ood,OOD,"","Get-ChildItem -Recurse -File | Where-Object { $_.LastWriteTime -gt (Get-Date).AddDays(-7) }",0.9154,"OOD_FALSE_ACCEPTANCE|HIGH_CONFIDENCE_WRONG"
TA-B186,ambiguous,AMBIGUOUS,"Select-String -Path 'file.txt' -Pattern 'pattern1|pattern2'","Get-Content 'file.txt' | Where-Object { $_ -notmatch 'pattern' }",0.9908,"CORRECT"
TA-B187,ambiguous,AMBIGUOUS,"tar -xzf archive.tar.gz","docker network connect my-network container-name",0.7483,"AMBIGUITY_FAILURE"
TA-B188,ambiguous,AMBIGUOUS,"(Get-Content 'filename.txt') -replace 'old','new' | Set-Content 'filename.txt'","(Get-Content 'filename.txt') -replace 'old','new' | Set-Content 'filename.txt'",1,"CORRECT"
TA-B189,ambiguous,AMBIGUOUS,"Import-Csv 'file.csv' | Select-Object -ExpandProperty ColumnName","(Import-Csv 'file.txt' -Header Val | Measure-Object -Property Val -Sum).Sum",1,"CORRECT"
TA-B190,ambiguous,AMBIGUOUS,"(Get-Content data.json | ConvertFrom-Json).users.Count","(Get-Content data.json | ConvertFrom-Json).users.Count",0.9957,"CORRECT"
TA-B191,ambiguous,AMBIGUOUS,"ffmpeg -i input.mkv -c:v libx264 -crf 23 -c:a aac output.mp4","ffmpeg -i input.mp4 -ss 00:01:00 -to 00:02:30 -c copy trimmed.mp4",0.9971,"CORRECT"
TA-B192,ambiguous,AMBIGUOUS,"aws s3 ls","aws s3 ls",1,"CORRECT"
TA-B193,ambiguous,AMBIGUOUS,"Get-PSDrive -PSProvider FileSystem","(Get-ChildItem '/path/to/dir' -Recurse -File | Measure-Object -Property Length -Sum).Sum / 1MB",1,"CORRECT"
TA-B194,ambiguous,AMBIGUOUS,"Get-EventLog -LogName System -Newest 50","sudo shutdown -h now",0.9838,"AMBIGUITY_FAILURE|HIGH_CONFIDENCE_WRONG"
TA-B195,ambiguous,AMBIGUOUS,"kubectl exec -it pod-name -n namespace -- /bin/sh","kubectl exec -it pod-name -n namespace -- /bin/sh",0.9784,"CORRECT"
TA-B196,ambiguous,AMBIGUOUS,"Clear-Host","Clear-Host",1,"CORRECT"
TA-B197,ambiguous,AMBIGUOUS,"winget install package-name","winget install package-name",1,"CORRECT"
TA-B198,ambiguous,AMBIGUOUS,"gpg -c filename.txt","openssl rand -base64 32",0.9599,"CORRECT"
TA-B199,ambiguous,AMBIGUOUS,"[Convert]::ToBase64String([IO.File]::ReadAllBytes('filename.txt'))","[IO.File]::WriteAllBytes('decoded.txt', [Convert]::FromBase64String((Get-Content 'encoded.txt')))",1,"CORRECT"
TA-B200,ambiguous,AMBIGUOUS,"Compress-Archive -Path 'directory/*' -DestinationPath 'archive.zip'","Expand-Archive -Path 'archive.zip' -DestinationPath '.'",1,"CORRECT"
TA-B201,ambiguous,AMBIGUOUS,"pip install package-name","pip install package-name",1,"CORRECT"
TA-B202,ambiguous,AMBIGUOUS,"Get-ChildItem -Recurse -Filter '*.log'","Get-ChildItem -Recurse -File | Where-Object { $_.LastWriteTime -gt (Get-Date).AddDays(-7) }",0.9956,"CORRECT"
TA-B203,ambiguous,AMBIGUOUS,"Stop-Process -Name 'process_name' -Force","Stop-Service -Name 'service-name'",0.8841,"CORRECT"
TA-B204,ambiguous,AMBIGUOUS,"(Get-ChildItem '/path/to/dir' -Recurse -File | Measure-Object -Property Length -Sum).Sum / 1MB","(Get-ChildItem '/path/to/dir' -Recurse -File | Measure-Object -Property Length -Sum).Sum / 1MB",0.9944,"CORRECT"
TA-B205,ambiguous,AMBIGUOUS,"Get-ChildItem -Recurse -Filter 'filename.txt'","Get-ChildItem -Recurse -Filter 'filename.txt'",0.982,"CORRECT"
TA-B206,ambiguous,AMBIGUOUS,"Get-Process","Get-Process",1,"CORRECT"
TA-B207,ambiguous,AMBIGUOUS,"Test-Connection -ComputerName google.com -Count 4","Get-NetIPAddress",1,"CORRECT"
TA-B208,ambiguous,AMBIGUOUS,"winget install package-name","winget install package-name",1,"CORRECT"
TA-B209,ambiguous,AMBIGUOUS,"Copy-Item -Recurse 'source/' 'destination/'","scp file.txt user@hostname:/path/to/destination",0.9318,"CORRECT"
